{
	"type": "Conveyor",
	"name": "[cyan]彩虹传送带",
    "description": "拥有最最最高的血量和最最快的物品传输速度[red]/作弊道具",
    "details":"我当时只看到一个东西xiu~的一下就过去了......我为啥要设计这么一个没用的传送带......",
	"health": 2147483647,
	"insulated": true,
	"absorbLasers": true,
	"requirements": [
		"copper/1"
	],
	"speed": 2.00,
	"displayedSpeed": 600,
	"category": "distribution",
	"research":"conveyor"
}