{
	"type": "tank",
	"name": "车",
	"description": "",
	"details": "",
	"squareShape": true,	
    "health": 500,
	"omniMovement": false,
	"rotateMoveFirst": false,
	"rotateSpeed": 5,
	"speed": 5,
	"hitSize": 10,
	"ammoCapacity": 300,
	"armor": 10,
	"drag": 0.08,
	"accel": 1,
	"itemCapacity": 100,
	"treadPullOffset": 3,
	"treadRects": [
		{
			"x": 4,
			"y": 2.75,
			"width": 2,
			"height": 4.5
		},
		{
			"x": 4,
			"y": -4.5,
			"width": 2,
			"height": 4.5
		}
	]
}