{
	"type": "ItemTurret",
	"name": "普通大炮",
	"description": "以前的大炮，靠火药爆炸产生推力去推动巨大的炮弹",
	"details":"吃我20米进口炮弹，哈哈",
	"health": 700,
	"size": 2,
	"reload": 200,
	"range": 320,
	"maxAmmo":10,
	"shake":1,
	"ammoUseEffect": "none",
	"shootSound":"shootBig",
	"inaccuracy": 0,
	"rotateSpeed": 5,
	"ammoTypes": {
		"coal": {
			"speed": 8,
			"damage": 100,
			"splashDamageRadius":20,
			"splashDamage":80,
			"lifetime": 40,
			"width": 16,
			"height": 16,
			"makeFire": true,
			"ammoMultiplier": 1,
			"shootEffect": "shootSmall"
		},
		"pyratite": {
			"speed": 8,
			"damage": 150,
			"splashDamageRadius":20,
			"splashDamage":120,
			"lifetime": 40,
			"width": 16,
			"height": 16,
			"makeFire": true,
			"ammoMultiplier": 3,
			"shootEffect": "shootSmall"
		},
		"blast-compound": {
			"speed": 8,
			"damage": 180,
			"splashDamageRadius":20,
			"splashDamage":160,
			"lifetime": 40,
			"width": 16,
			"height": 16,
			"makeFire": true,
			"ammoMultiplier": 2,
			"shootEffect": "shootSmall"
		}
	},
	"requirements": [
	{ "item": "copper", "amount": 30 },		{ "item": "titanium", "amount": 30 }
	],
	"category": "turret",
	"research": "urgent bully"
}
