{
	"type": "ItemTurret",
	"name": "[cyan]彩色机炮[yellow]黄星",
	"description": "拥有最强的火力和最远的距离[red]/作弊道具",
	"health": 2147483647,
	"size": 2,
	"reload": 0.01,
	"range": 2048,
	"ammoPerShot": 1,
	"maxAmmo": 5,
    "targetAir":true,
    "targetGround":true,
	"reflectable":false,
	"hittable":false,
	"consumes": {
		"coolant": {
			"amount": 0.1,
			"optional": true
		}
	},
	"xRand": 1,
	"ammoUseEffect": "casing2Double",
	"inaccuracy": 0,
	"rotateSpeed": 12,
	"shake": 1,
	"ammoTypes": {
		"beryllium": {
			"speed": 10,
			"damage": 999999999999999,
			"lifetime": 1000,
			"width": 7,
			"height": 8,
            "reloadMultiplier": 1.6,
			"shootEffect": "shootSmall"
		},
		"graphite": {
			"speed": 1,
			"damage": 999999999999999,
			"lifetime": 100000,
			"width": 7,
			"height": 8,
            "reloadMultiplier": 1.6,
			"shootEffect": "shootSmall",
			"backColor":"F28DFFFF",
	        "frontColor":"89009BFF"
		},
		"tungsten": {
			"speed": 1000,
			"damage": 999999999999999,
			"lifetime": 1000,
			"width": 7,
			"height": 8,
            "reloadMultiplier": 1.6,
			"shootEffect": "shootSmall"
		},
		"oxide": {
			"speed": 10,
			"damage": 999999999999999,
			"lifetime": 1000,
			"width": 7,
			"height": 8,
			"ammoMultiplier": 2147483647,
            "reloadMultiplier": 1.6,
			"shootEffect": "shootSmall"
		},
		    "sand":{
	        "splashDamageRadius":79999.2,
	        "splashDamage": 2147483647,
	        "speed": 10,
		    "damage": 999999999999999,
		    "lifetime": 1000,
		    "width": 7,
		    "height": 8,
            "reloadMultiplier": 1.6,
		    "shootEffect": "shootSmall",
			"backColor":"FF8686FF",
	        "frontColor":"FF0000FF"
	    },
		"carbide": {
			"speed": 10,
			"damage": 999999999999999,
			"lifetime": 1000,
			"width": 7,
			"height": 8,
            "reloadMultiplier": 1.6,
			"shootEffect": "shootSmall", 
			"backColor":"B0C4DE",
	        "frontColor":"E3E3E3",
			"lightningColor":"AB99D3FF",
			"lightning":50,
			"lightningDamage":2147483647,
			"lightningLength":40

	}
    },
	"researchCostMultiplier": 0.5,
	"requirements": [
		{
			"item": "beryllium",
			"amount": 1
		}
	],
	"category": "turret",
	"research": "beryllium"
}