{
	"type": "ItemTurret",
	"name": "小型单发导弹炮",
	"description": "威力较中，射程却很大，但射速较低",
	"details":"这射速咋那么低啊啊啊阿阿",
	"health": 300,
	"size": 1,
	"reload": 430,
	"range": 480,
	"maxAmmo":3,
	"shake":1,
	"ammoUseEffect": "none",
	"shootSound":"missile",
	"inaccuracy": 0,
	"rotateSpeed": 10,
	"ammoTypes": {
	"graphite":{
		"type":"MissileBulletType",
	    "splashDamageRadius":24,
	    "splashDamage":33,
	    "speed":8,
	    "damage":40, 
   "sprite":"ote-missile",
	    "backColor":"B0C4DE",
	    "frontColor":"E3E3E3", 
	    "trailColor":"B0C4DE",
	    "lifetime":60,
	    "homingPower":0.03,
	  	"homingRange":40,	   
		"width": 4,
		"height": 16,
        "ammoMultiplier": 2,
	    "hitEffect":"flakExplosion"
	},
	"pyratite":{
		"type":"MissileBulletType",
	    "splashDamageRadius":20,
	    "splashDamage":30,
	    "speed":8,
	    "damage":36,
	    "makeFire":true,
    "sprite":"ote-missile",
    "backColor":"FFB90F",
    "frontColor":"E3E3E3",
	"trailColor":"FFB90F",
	    "lifetime":60,
	    "status":"burning",
	    "statusDuration":180,
	    "homingPower":0.03,
	  	"homingRange":40,	   
		"width": 4,
		"height": 16,
	    "hitEffect":"flakExplosion"
	},
	"blast-compound":{
		"type":"MissileBulletType",
	    "splashDamageRadius":30,
	    "splashDamage":45,
	    "speed":8,
	    "damage":58,
		"status":"blasted",
	   	"statusDuration":600,
    "sprite":"ote-missile",
	    "backColor":"FF7F24",
	    "frontColor":"E3E3E3", 
	    "trailColor":"FF7F24",
	    "lifetime":60,
	    "homingPower":0.03,
	  	"homingRange":40,	   
		"width": 4,
		"height": 16,
	    "hitEffect":"flakExplosion"
	}
	},
	"requirements": [
	{ "item": "copper", "amount": 30 },		{ "item": "graphite", "amount": 35 }
	],
	"category": "turret",
	"research": "urgent bully"
}
