{
	"type": "ItemTurret",
	"name": "燕子",
	"description": "发射大量火力，对敌方造成小范围伤害",
	"health": 50,
	"size": 2,
	"reload": 50,
	"range": 120,
	"ammoPerShot": 1,
	"maxAmmo": 5,
    "targetAir":true,
    "targetGround":true,
	"consumes": {
		"coolant": {
			"amount": 0.1,
			"optional": true
		}
	},
	"shoot": {
		"shots": 4,
		"shotDelay": 3,
		"type": "ShootAlternate",
		"barrels": 1,
		"spread": 3
	},
	"xRand": 1,
	"ammoUseEffect": "casing2Double",
	"inaccuracy": 1,
	"rotateSpeed": 12,
	"shake": 1,
	"ammoTypes": {
		"graphite": {
			"reloadMultiplier": 3,
			"speed": 5,
			"damage": 25,
			"lifetime": 24,
			"width": 7,
			"height": 8,
			"ammoMultiplier": 4,
			"shootEffect": "shootSmall"
		},
		"silicon": {
			"speed": 5.3,
			"damage": 25,
			"reloadMultiplier": 1.6,
			"lifetime": 35,
			"width": 7,
			"height": 8,
			"shootEffect": "shootSmall",
			"homingRange": 40,
			"homingPower": 0.06,
			"ammoMultiplier": 5
		},
		"thorium": {
			"reloadMultiplier": 3,
			"speed": 5,
			"damage": 30,
			"lifetime": 24,
			"width": 7,
			"height": 8,
			"ammoMultiplier": 3,
			"makeFire": true,
			"shootEffect": "shootSmall"
		}
	},
	"researchCostMultiplier": 0.5,
	"requirements": [
		{
			"item": "copper",
			"amount": 200
		},
		{
			"item": "graphite",
			"amount": 50
		},
		{
			"item": "titanium",
			"amount": 100
		},
		{
			"item": "lead",
			"amount": 150
		}
	],
	"category": "turret",
	"research": "urgent bully"
}