{
	"type": "ItemTurret",
	"name": "蜂巢II",
	"description": "蜂巢II可以在短时间内倾泻大量火力",
	"health": 300,
	"size": 2,
	"reload": 10,
	"range": 320,
	"ammoPerShot": 1,
	"maxAmmo": 20,
	"shootSound":"missile",
    "targetAir":true,
    "targetGround":true,
	"consumes": {
		"coolant": {
			"amount": 0.1,
			"optional": true
		}
	},
	"shoot": {
		"type": "ShootAlternate",
		"shots": 4,
		"shotDelay": 3,
		"barrels": 3,
		"spread": 3
	},
	"xRand": 1,
	"inaccuracy": 10,
	"rotateSpeed": 12,
	"shake": 1,
	"ammoTypes": {
		"pyratite": {
			"speed": 5,
			"damage": 11,
			"lifetime": 63,
			"width": 7,
			"height": 8,
			"homingRange": 40,
			"homingPower": 0.06,
			"splashDamageRadius":32,
	        "splashDamage": 40,
			"makeFire": true,
			"ammoMultiplier": 2,
			"status": "burning",
			"statusDuration": 600,
			"frontColor":"f8ad42",
			"backColor":"f68021",
			"shootEffect": "shootSmall"
		},
		"silicon": {
			"speed": 5.3,
			"damage": 25,
			"reloadMultiplier": 1.6,
			"lifetime": 63,
			"width": 7,
			"height": 8,
			"homingRange": 40,
			"homingPower": 0.06,
			"splashDamageRadius":8,
	        "splashDamage": 20,
			"ammoMultiplier": 5,
			"makeFire": true,
			"shootEffect": "shootSmall"
		},
		"thorium": {
			"reloadMultiplier": 3,
			"speed": 5,
			"damage": 30,
			"lifetime": 63,
			"width": 7,
			"height": 8,
			"homingRange": 40,
			"homingPower": 0.06,
			"splashDamageRadius":24,
	        "splashDamage": 55,
			"ammoMultiplier": 3,
			"makeFire": true,
			"shootEffect": "shootSmall"
		},
		"blast-compound": {
			"speed": 5,
			"damage": 20,
			"lifetime": 63,
			"width": 7,
			"height": 8,
			"homingRange": 40,
			"homingPower": 0.06,
			"splashDamageRadius":40,
	        "splashDamage": 50,
			"makeFire": true,
			"ammoMultiplier": 2,
			"status": "burning",
			"statusDuration": 600,
			"backColor":"FF8686FF",
	        "frontColor":"FF0000FF",
			"shootEffect": "shootSmall"
		}
	},
	"researchCostMultiplier": 0.5,
	"requirements": [
		{
			"item": "graphite",
			"amount": 60
		},
		{
			"item": "titanium",
			"amount": 60
		},
		{
			"item": "silicon",
			"amount": 55
		},
		{
			"item": "surge-alloy",
			"amount": 20
		}
	],
	"category": "turret",
	"research": "swarmer"
}