{
    "type":"material",
    "name":"锌",
    "description":"锌在许多重工业中都有着重要的作用，具有良好的压延性、耐磨性、抗腐蚀性、铸造性，且有很好的常温机械性，能与多种金属制成性能优良的合金",
    "details":"据说它的种类很多，有闪锌矿 ZnS，菱锌矿 ZnCO3，猛硅锌矿......",
    "color":"53565c",
    "explosiveness":0,
    "flammability":0,
    "radioactivity":0,
    "charge":0,
    "cost":1,
    "alwaysUnlocked":false,
    "research": "titanium"
}