{
    "type": "multicraft.MultiCrafter",
	"name": "[stat]加工机",
	"description": "可以把部分物品进行加工或组装在一起",
	"health": 200,
	"size": 2,
	"hasPower": false,
	"hasItems": true,
	"hasLiquids":true,
	"itemCapacity": 10,
	"liquidCapacity":120,
    "menu": "Simple",
	"recipes":[
{
  "input":{
	   "power": 10
	  },
  "output": "copper/1",
  "craftTime" : 9,
  "icon": "copper"
}
,
{
	"input":{
		 "power": 10
		},
	"output": "lead/1",
	"craftTime" : 9,
	"icon": "lead"
  }
],
	"requirements": [ 	
	{ "item": "copper", "amount": 70},
	{ "item": "chip I", "amount": 1},
	{ "item": "graphite", "amount": 40}
	],
	"category": "crafting",
	"research":"smelting machine"
}