{
	"type": "GenericCrafter",
	"health": 200,
	"name": "电池工厂",
	"outputItem": {
	"item": "battery", "amount": 1
	},
	"itemCapacity": 10,
	"size": 2,
	"hasPower": true,
	"hasLiquids": false,
	"hasItems": true,
	"craftTime": 120,
	"consumes": {
	"power": 8,
	"items": {
		"items": [
	{ "item": "copper", "amount": 1 },
	{ "item": "lead", "amount": 2 },
    { "item": "graphite", "amount": 2 },
	{ "item": "zinc", "amount": 2 }
	]	}	},
	"requirements": [
	{ "item": "copper", "amount": 50 },
	{ "item": "lead", "amount": 25 },
	{ "item": "silicon", "amount": 20 }
	],
	"category": "crafting",
	"research": "锌"
}