{
	"type": "GenericCrafter",
	"health": 400,
	"name": "金合成厂",
	"description": "从废料中提取黄金渣子，并熔炼成黄金",
	"outputItem": {
	"item": "gold", "amount": 1
	},
	"itemCapacity": 10,
	"size": 2,
	"hasPower": true,
	"hasLiquids": false,
	"hasItems": true,
	"craftTime": 100,
	"drawer":{
        "type":"DrawMulti",
        "drawers":[
            "DrawDefault",
            "DrawFlame"
            ]
    },
	"craftEffect":"smeltsmoke",
	"consumes": {
	"power": 2,
	"items": {
		"items": [
	{ "item": "copper", "amount": 3 },
	{ "item": "scrap", "amount": 3 }
	]	}	},
	"requirements": [
	{ "item": "copper", "amount": 100 },
	{ "item": "lead", "amount": 25 },
	{ "item": "titanium", "amount": 60 },
	{ "item": "silicon", "amount": 20 }
	],
	"category": "crafting",
	"research": "surge smelter"
}