{
	"type": "GenericCrafter",
	"health": 200,
	"name": "液二氧工厂", 
	"description":"可以吸收周围的二氧化碳，并把吸入的气体经过压缩，冷却得到液态二氧化碳",
	"outputLiquid": "liquid carbon dioxide/0.1",
	"itemCapacity": 0,
	"size": 1,
	"hasPower": true,
	"hasLiquids": true,
	"hasItems": false,
	"craftTime": 90,
	"consumes": {
	"power": 2
    },
	"requirements": [
	{ "item": "copper", "amount": 30 },
	{ "item": "lead", "amount": 30 },
	{ "item": "metaglass", "amount": 10 },
	{ "item": "silicon", "amount": 40 }
	],
	"category": "crafting",
	"research": "锌"
}