{
    "type": "multicraft.MultiCrafter",
	"name": "[stat]熔炼机",
	"description": "实验用的[red]请不要使用，更不要放置",
	"health": 360,
	"size": 3,
	"hasPower": true,
	"hasItems": true,
	"hasLiquids":true,
	"itemCapacity": 10,
	"liquidCapacity":120,
	"drawer":{
        "type":"DrawMulti",
        "drawers":[
            "DrawDefault",
            "DrawFlame"
            ]
    },
    "menu": "Simple",
	"recipes":[
{
  "input": "copper/1",
  "output": "lead/1",
  "craftTime" : 60,
  "icon": "lead"
}
,
{
	"input": "coal/1",
	"output": "coal/1",
	"craftTime" : 60,
	"icon": "coal"
  }
,
{
	"input":{
      "items": [
        "copper/3",
        "oie-zinc/2"
		 ],
		 "power": 4
		},
    "power": 4,
	"output": "oie-brass/1",
	"craftTime" : 60,
	"icon": "oie-brass"
  }
],
	"requirements": [ 	
	{ "item": "copper", "amount":200 },
 	{ "item": "lead", "amount": 90 },
	{ "item": "silicon", "amount": 30 },
	{ "item": "graphite", "amount": 50 }
	],
	"category": "crafting",
	"research":"kiln"
}