{
    "type": "multicraft.MultiCrafter",
	"name": "[stat]物品制造机[yellow]黄星",
	"description": "可以通过电力制造出部分物品[red]作弊工具",
	"health": 360,
	"size": 1,
	"hasPower": true,
	"hasItems": true,
	"hasLiquids":true,
	"itemCapacity": 10,
	"liquidCapacity":120,
    "menu": "Simple",
	"recipes":[
{
  "input":{
	   "power": 10
	  },
  "output": "copper/1",
  "craftTime" : 6,
  "icon": "copper"
}
,
{
	"input":{
		 "power": 10
		},
	"output": "lead/1",
	"craftTime" : 6,
	"icon": "lead"
  }
  ,
  {
	"input":{
		 "power": 10
		},
	"output": "coal/1",
	"craftTime" : 6,
	"icon": "coal"
  },
  {
	"input":{
		 "power": 10
		},
	"output": "titanium/1",
	"craftTime" : 6,
	"icon": "titanium"
  }
  ,
  {
	"input":{
		 "power": 10
		},
	"output": "pyratite/1",
	"craftTime" : 6,
	"icon": "pyratite"
  }
  ,
  {
	"input":{
		 "power": 10
		},
	"output": "blast-compound/1",
	"craftTime" : 6,
	"icon": "blast-compound"
  }
  ,
  {
	"input":{
		 "power": 10
		},
	"output": "sand/1",
	"craftTime" : 6,
	"icon": "sand"
  }
  ,
  {
	"input":{
		 "power": 10
		},
	"output": "silicon/1",
	"craftTime" : 6,
	"icon": "silicon"
  }
  ,
  {
	"input":{
		 "power": 10
		},
	"output": "scrap/1",
	"craftTime" : 6,
	"icon": "scrap"
  }
  ,
  {
	"input":{
		 "power": 10
		},
	"output": "thorium/1",
	"craftTime" : 6,
	"icon": "thorium"
  }
  ,
  {
	"input":{
		 "power": 10
		},
	"output": "graphite/1",
	"craftTime" : 6,
	"icon": "graphite"
  }
  ,
  {
	"input":{
		 "power": 10
		},
	"output": "metaglass/1",
	"craftTime" : 6,
	"icon": "metaglass"
  }
  ,
  {
	"input":{
		 "power": 10
		},
	"output": "plastanium/1",
	"craftTime" : 6,
	"icon": "plastanium"
  }
  ,
  {
	"input":{
		 "power": 10
		},
	"output": "phase-fabric/1",
	"craftTime" : 6,
	"icon": "phase-fabric"
  }
  ,
  {
	"input":{
		 "power": 10
		},
	"output": "surge-alloy/1",
	"craftTime" : 6,
	"icon": "surge-alloy"
  }
  ,
  {
	"input":{
		 "power": 10
		},
	"output": "spore-pod/1",
	"craftTime" : 6,
	"icon": "spore-pod"
  }
  ,
  {
	"input":{
		 "power": 10
		},
	"output": "beryllium/1",
	"craftTime" : 6,
	"icon": "beryllium"
  }
  ,
  {
	"input":{
		 "power": 10
		},
	"output": "tungsten/1",
	"craftTime" : 6,
	"icon": "tungsten"
  }
  ,
  {
	"input":{
		 "power": 10
		},
	"output": "oxide/1",
	"craftTime" : 6,
	"icon": "oxide"
  }
  ,
  {
	"input":{
		 "power": 10
		},
	"output": "carbide/1",
	"craftTime" : 6,
	"icon": "carbide"
  }

],
	"requirements": [ 	
	{ "item": "beryllium", "amount": 1}
	],
	"category": "crafting",
	"research":"beryllium"
}