{
	"type": "GenericCrafter",
	"health": 600,
	"name": "铀分离器",
	"description": "从废料中提取铀粉，并融合成铀锭",
	"outputItem": {
	"item": "uranium", "amount": 1
	},
	"itemCapacity": 10,
	"size": 2,
	"hasPower": true,
	"hasLiquids": false,
	"hasItems": true,
	"craftTime": 100,
	"drawer":{
        "type":"DrawMulti",
        "drawers":[
            "DrawDefault",
            "DrawFlame"
            ]},
	"craftEffect":"smeltsmoke",
	"consumes": {
	"power": 3,
	"items": {
		"items": [
	{ "item": "scrap", "amount": 3 }
	] }	,
	"liquids":[
	{ "liquid": "water", "amount": 2 }
	]
},
	"requirements": [
	{ "item": "copper", "amount": 100 },
	{ "item": "lead", "amount": 120 },
	{ "item": "titanium", "amount": 80 },
	{ "item": "silicon", "amount": 10 }
	],
	"category": "crafting",
	"research": "surge smelter"
}