{
	"type": "GenericCrafter",
	"health": 200,
	"name": "[stat]钍制造器",
	"description":"[red]临时制造钍的工具",
	"details":"这个添柴的想法起源于我和一个人在玩服务器时发现分解机分出的钍只是贴图，根本不能用，我就加了这个",
	"outputItem": {
	"item": "thorium", "amount": 2
	},
	"itemCapacity": 10,
	"size": 1,
	"hasPower": true,
	"hasLiquids": false,
	"hasItems": true,
	"craftTime": 30,
	"consumes": {
	"power": 8,
	"items": {
		"items": [
	{ "item": "titanium", "amount": 10 },
    { "item": "graphite", "amount": 10 }
	]	}	},
	"requirements": [
	{ "item": "copper", "amount": 50 },
	{ "item": "lead", "amount": 25 },
	{ "item": "silicon", "amount": 20 }
	],
	"category": "crafting",
	"research": "锌"
}